SECCION,TOTAL_VOTANTES,MORENAv,ALIANZAv,LN,VOTOS,PARTICIPACION,MORENA,ALIANZA,DIF,CLASF
0336,2273,968,635,6763,2304,34.06772142540293,42.013888888888886,27.56076388888889,14.453124999999996,MORENA
0337,877,389,212,2527,879,34.78432924416304,44.254835039817976,24.118316268486918,20.13651877133106,MORENA
0338,1901,731,677,5786,1921,33.20082958866229,38.05309734513274,35.24206142634045,2.8110359187922924,MORENA
0339,1320,526,445,3362,1353,40.24390243902439,38.876570583887656,32.88987435328899,5.9866962305986675,MORENA
0340,2778,1093,865,7504,2743,36.55383795309169,39.84688297484506,31.53481589500547,8.31206707983959,MORENA
0341,5627,1886,2357,13259,5652,42.62764914397768,33.368719037508846,41.70205237084218,-8.333333333333336,ALIANZA
0342,1408,506,515,3436,1438,41.850989522700814,35.18776077885953,35.813630041724615,-0.6258692628650877,ALIANZA
0343,2420,855,988,5365,2454,45.740913327120225,34.84107579462103,40.26079869600652,-5.419722901385491,ALIANZA
0344,4679,865,3141,6924,4739,68.44309647602542,18.252795948512343,66.2798058662165,-48.02700991770416,ALIANZA
0345,1533,554,566,3188,1564,49.05897114178168,35.42199488491048,36.18925831202046,-0.767263427109981,ALIANZA
0346,411,219,97,1062,424,39.92467043314501,51.65094339622642,22.87735849056604,28.77358490566038,MORENA
0347,846,387,234,2219,859,38.71113114015322,45.0523864959255,27.240977881257276,17.81140861466822,MORENA
0348,452,208,122,1235,457,37.00404858299595,45.51422319474836,26.695842450765863,18.818380743982498,MORENA
0349,158,77,41,486,163,33.53909465020576,47.239263803680984,25.153374233128833,22.08588957055215,MORENA
0350,237,105,50,747,241,32.26238286479251,43.56846473029046,20.74688796680498,22.821576763485478,MORENA
0351,581,264,155,1765,591,33.48441926345609,44.67005076142132,26.22673434856176,18.443316412859563,MORENA
0353,204,106,55,528,213,40.34090909090909,49.76525821596244,25.821596244131456,23.943661971830984,MORENA
0354,228,137,50,621,231,37.19806763285024,59.307359307359306,21.645021645021647,37.66233766233766,MORENA
0356,500,192,169,1178,508,43.12393887945671,37.79527559055118,33.267716535433074,4.527559055118104,MORENA
0357,647,277,218,1684,663,39.37054631828978,41.77978883861237,32.880844645550525,8.898944193061844,MORENA
0358,649,334,170,1583,658,41.56664560960202,50.75987841945289,25.835866261398177,24.924012158054712,MORENA
0359,2646,621,1474,4471,2695,60.27734287631402,23.042671614100186,54.69387755102041,-31.65120593692022,ALIANZA
0360,926,372,393,1939,946,48.78803506962352,39.323467230443974,41.54334038054968,-2.2198731501057054,ALIANZA
0361,433,187,129,987,446,45.18743667679838,41.92825112107624,28.923766816143498,13.004484304932738,MORENA
0362,274,108,96,713,279,39.130434782608695,38.70967741935484,34.40860215053763,4.301075268817208,MORENA
0363,316,121,101,692,316,45.664739884393065,38.29113924050633,31.962025316455698,6.329113924050635,MORENA
0364,597,230,200,1235,608,49.23076923076923,37.828947368421055,32.89473684210526,4.934210526315795,MORENA
0365,779,270,160,1586,624,39.34426229508197,43.26923076923077,25.641025641025642,17.628205128205124,MORENA
0367,534,210,171,1316,538,40.88145896656535,39.03345724907063,31.78438661710037,7.249070631970259,MORENA
0368,400,196,93,854,411,48.12646370023419,47.688564476885645,22.62773722627737,25.060827250608273,MORENA
0369,521,225,160,1350,537,39.77777777777778,41.899441340782126,29.7951582867784,12.104283054003727,MORENA
0370,556,221,203,1332,566,42.492492492492495,39.04593639575972,35.86572438162544,3.180212014134277,MORENA
0371,433,174,143,983,440,44.760935910478125,39.54545454545455,32.5,7.045454545454547,MORENA
0372,552,247,140,1177,556,47.23874256584537,44.42446043165467,25.179856115107913,19.24460431654676,MORENA
0373,632,256,269,1452,706,48.62258953168044,36.26062322946176,38.10198300283286,-1.841359773371103,ALIANZA
0374,2477,1185,645,8229,2523,30.65986146554867,46.9678953626635,25.564803804994053,21.403091557669445,MORENA
0375,1149,461,349,2598,1167,44.91916859122402,39.502999143101974,29.905741216795203,9.59725792630677,MORENA
0376,582,248,195,1192,595,49.91610738255034,41.680672268907564,32.773109243697476,8.907563025210088,MORENA
0377,603,233,200,1341,617,46.01043997017151,37.763371150729334,32.414910858995135,5.348460291734199,MORENA
0378,637,232,235,1372,656,47.8134110787172,35.36585365853659,35.823170731707314,-0.4573170731707279,ALIANZA
0379,555,203,181,1288,564,43.7888198757764,35.99290780141844,32.09219858156028,3.9007092198581574,MORENA
0380,410,135,175,709,414,58.39210155148096,32.608695652173914,42.270531400966185,-9.66183574879227,ALIANZA
0381,501,178,164,1125,516,45.86666666666667,34.49612403100775,31.782945736434108,2.7131782945736447,MORENA
0382,662,259,213,1433,679,47.3831123517097,38.144329896907216,31.36966126656848,6.774668630338734,MORENA
0383,342,142,107,707,348,49.222065063649225,40.804597701149426,30.74712643678161,10.057471264367816,MORENA
0384,538,224,151,1224,554,45.26143790849673,40.43321299638989,27.256317689530686,13.176895306859205,MORENA
0385,406,152,143,707,406,57.42574257425743,37.4384236453202,35.22167487684729,2.216748768472911,MORENA
0386,864,284,313,1590,884,55.59748427672956,32.126696832579185,35.40723981900452,-3.2805429864253384,ALIANZA
0387,1034,350,418,1837,1054,57.37615677735438,33.20683111954459,39.6584440227704,-6.451612903225808,ALIANZA
0388,297,106,92,485,302,62.2680412371134,35.09933774834437,30.4635761589404,4.63576158940397,MORENA
0389,613,247,222,1203,628,52.20282626766417,39.3312101910828,35.35031847133758,3.980891719745223,MORENA
0390,861,331,277,1761,884,50.19875070982396,37.44343891402715,31.334841628959275,6.108597285067873,MORENA
0392,1099,304,565,1697,1115,65.70418385385975,27.26457399103139,50.672645739910315,-23.408071748878925,ALIANZA
0393,819,225,395,1244,824,66.2379421221865,27.305825242718445,47.93689320388349,-20.631067961165048,ALIANZA
0394,824,244,357,1486,840,56.527590847913864,29.047619047619047,42.5,-13.452380952380953,ALIANZA
0395,438,180,159,889,460,51.74353205849269,39.130434782608695,34.56521739130435,4.565217391304344,MORENA
0396,538,242,166,1227,554,45.15077424612877,43.68231046931408,29.96389891696751,13.718411552346574,MORENA
0397,644,201,254,1262,652,51.664025356576865,30.828220858895705,38.95705521472393,-8.128834355828225,ALIANZA
0398,592,233,200,1304,600,46.012269938650306,38.833333333333336,33.333333333333336,5.5,MORENA
0400,533,250,147,1406,528,37.55334281650071,47.34848484848485,27.84090909090909,19.50757575757576,MORENA
0401,549,270,121,1417,571,40.29640084685956,47.285464098073554,21.19089316987741,26.094570928196145,MORENA
0402,1401,513,529,2803,1418,50.58865501248662,36.17771509167842,37.306064880112835,-1.128349788434413,ALIANZA
0403,851,236,378,1475,854,57.898305084745765,27.634660421545668,44.26229508196721,-16.627634660421542,ALIANZA
0404,730,238,271,1369,740,54.054054054054056,32.16216216216216,36.62162162162162,-4.45945945945946,ALIANZA
0405,400,160,137,840,435,51.785714285714285,36.7816091954023,31.49425287356322,5.287356321839077,MORENA
0406,620,204,229,1062,622,58.568738229755176,32.79742765273312,36.81672025723473,-4.019292604501608,ALIANZA
0407,463,187,168,967,467,48.29369183040331,40.04282655246253,35.974304068522486,4.068522483940043,MORENA
0408,533,174,219,1032,548,53.10077519379845,31.751824817518248,39.96350364963504,-8.211678832116789,ALIANZA
0409,688,222,279,1291,706,54.6862896979086,31.444759206798867,39.51841359773371,-8.073654390934845,ALIANZA
0410,812,231,354,1444,819,56.717451523545705,28.205128205128204,43.223443223443226,-15.018315018315022,ALIANZA
0411,671,245,227,1309,679,51.8716577540107,36.08247422680412,33.43151693667158,2.6509572901325456,MORENA
0412,591,159,292,1392,609,43.75,26.108374384236452,47.947454844006565,-21.839080459770113,ALIANZA
0413,1613,327,1097,2396,1638,68.36393989983306,19.963369963369964,66.97191697191697,-47.008547008547005,ALIANZA
0414,403,91,110,1192,421,35.31879194630873,21.61520190023753,26.128266033254157,-4.513064133016627,ALIANZA
0415,1164,569,304,3594,1156,32.16471897607123,49.221453287197235,26.29757785467128,22.923875432525953,MORENA
0416,224,88,62,553,230,41.59132007233273,38.26086956521739,26.956521739130434,11.304347826086957,MORENA
0417,644,93,478,861,651,75.60975609756098,14.285714285714286,73.42549923195085,-59.13978494623657,ALIANZA
0418,855,116,638,1206,911,75.53897180762853,12.733260153677278,70.03293084522502,-57.299670691547746,ALIANZA
0419,709,157,422,1091,722,66.17781851512375,21.74515235457064,58.448753462603875,-36.70360110803324,ALIANZA
0420,680,183,353,1092,678,62.08791208791209,26.991150442477878,52.064896755162245,-25.073746312684367,ALIANZA
0421,558,200,226,1093,567,51.87557182067704,35.27336860670194,39.85890652557319,-4.585537918871246,ALIANZA
0422,305,89,145,615,312,50.73170731707317,28.525641025641026,46.47435897435897,-17.948717948717945,ALIANZA
0423,431,161,139,952,437,45.903361344537814,36.8421052631579,31.80778032036613,5.034324942791766,MORENA
0424,576,233,175,1193,584,48.95222129086337,39.897260273972606,29.965753424657535,9.93150684931507,MORENA
0425,738,271,265,1429,746,52.20433869839048,36.32707774798928,35.52278820375335,0.8042895442359281,MORENA
0426,599,240,170,1252,610,48.722044728434504,39.34426229508197,27.868852459016395,11.475409836065573,MORENA
0427,481,208,149,1210,497,41.074380165289256,41.85110663983903,29.979879275653925,11.871227364185106,MORENA
0428,956,453,276,2590,987,38.108108108108105,45.89665653495441,27.96352583586626,17.93313069908815,MORENA
0429,936,380,286,2165,958,44.249422632794456,39.66597077244259,29.853862212943632,9.81210855949896,MORENA
0430,276,123,51,673,272,40.41604754829123,45.220588235294116,18.75,26.470588235294116,MORENA
0431,882,392,233,2009,886,44.10154305624689,44.24379232505643,26.297968397291196,17.945823927765236,MORENA
0432,459,171,159,845,474,56.094674556213015,36.075949367088604,33.54430379746835,2.5316455696202524,MORENA
0433,519,225,174,1254,534,42.58373205741627,42.13483146067416,32.58426966292135,9.550561797752806,MORENA
0434,545,230,166,1286,553,43.001555209953345,41.59132007233273,30.018083182640144,11.573236889692584,MORENA
0435,384,166,119,769,399,51.88556566970091,41.60401002506266,29.82456140350877,11.779448621553886,MORENA
0436,339,121,110,635,336,52.91338582677165,36.01190476190476,32.73809523809524,3.2738095238095184,MORENA
0437,349,140,101,702,352,50.142450142450144,39.77272727272727,28.693181818181817,11.079545454545457,MORENA
0438,659,218,261,1151,668,58.0364900086881,32.634730538922156,39.07185628742515,-6.437125748502993,ALIANZA
0439,1627,197,1283,1465,1642,112.08191126279864,11.997563946406821,78.13641900121803,-66.13885505481122,ALIANZA
0440,612,120,384,926,637,68.79049676025917,18.838304552590266,60.28257456828885,-41.444270015698585,ALIANZA
0441,497,125,281,826,513,62.106537530266344,24.366471734892787,54.77582846003899,-30.4093567251462,ALIANZA
0442,575,194,227,1073,581,54.14725069897484,33.39070567986231,39.070567986230635,-5.679862306368328,ALIANZA
0443,547,137,254,973,560,57.55395683453237,24.464285714285715,45.357142857142854,-20.89285714285714,ALIANZA
0444,299,108,104,550,303,55.09090909090909,35.64356435643565,34.32343234323432,1.3201320132013237,MORENA
0445,316,110,87,635,317,49.92125984251968,34.70031545741325,27.444794952681388,7.255520504731859,MORENA
0446,312,117,90,672,318,47.32142857142857,36.79245283018868,28.30188679245283,8.49056603773585,MORENA
0448,1426,592,434,3497,1445,41.321132399199314,40.96885813148789,30.034602076124568,10.934256055363324,MORENA
0449,1044,339,446,1977,1069,54.071825998988366,31.711880261927035,41.721234798877454,-10.009354536950418,ALIANZA
0450,521,214,138,1128,537,47.6063829787234,39.85102420856611,25.69832402234637,14.15270018621974,MORENA
0451,589,244,204,1187,593,49.95787700084246,41.14671163575042,34.401349072512645,6.7453625632377765,MORENA
0452,654,249,198,1288,660,51.24223602484472,37.72727272727273,30,7.727272727272727,MORENA
0453,376,135,92,723,383,52.97372060857538,35.24804177545692,24.02088772845953,11.227154046997388,MORENA
0454,541,181,192,966,643,66.563146997929607,28.149300155520994,29.860031104199066,-1.7107309486780728,ALIANZA
0455,304,79,138,556,308,55.39568345323741,25.649350649350648,44.8051948051948,-19.155844155844154,ALIANZA
0456,428,105,250,719,433,60.22253129346314,24.249422632794456,57.736720554272516,-33.48729792147806,ALIANZA
0457,337,96,151,539,344,63.821892393320965,27.906976744186046,43.895348837209305,-15.988372093023258,ALIANZA
0458,385,108,195,677,394,58.197932053175776,27.411167512690355,49.49238578680203,-22.081218274111677,ALIANZA
0459,534,150,256,906,544,60.04415011037528,27.573529411764707,47.05882352941177,-19.48529411764706,ALIANZA
0460,511,169,209,879,523,59.49943117178612,32.31357552581262,39.961759082217974,-7.648183556405357,ALIANZA
0461,505,167,177,853,518,60.726846424384526,32.23938223938224,34.16988416988417,-1.9305019305019329,ALIANZA
0462,381,147,111,685,383,55.91240875912409,38.38120104438642,28.98172323759791,9.39947780678851,MORENA
0463,586,214,175,1240,582,46.935483870967744,36.76975945017182,30.06872852233677,6.701030927835049,MORENA
0464,535,203,158,986,538,54.563894523326574,37.732342007434944,29.36802973977695,8.364312267657994,MORENA
0465,292,121,95,633,311,49.13112164296999,38.90675241157556,30.54662379421222,8.36012861736334,MORENA
0466,320,112,121,595,329,55.294117647058826,34.04255319148936,36.77811550151976,-2.735562310030396,ALIANZA
0467,370,116,134,754,380,50.39787798408488,30.526315789473685,35.26315789473684,-4.7368421052631575,ALIANZA
0468,636,226,231,1176,656,55.78231292517007,34.451219512195124,35.21341463414634,-0.7621951219512155,ALIANZA
0469,214,57,106,421,223,52.96912114014252,25.56053811659193,47.53363228699551,-21.973094170403584,ALIANZA
0470,290,80,145,537,294,54.74860335195531,27.210884353741495,49.31972789115646,-22.108843537414966,ALIANZA
0471,755,186,402,1201,766,63.78018318068276,24.281984334203656,52.48041775456919,-28.198433420365532,ALIANZA
0472,780,145,530,1083,784,72.3915050784857,18.494897959183675,67.60204081632654,-49.10714285714286,ALIANZA
0473,939,180,609,1362,947,69.53010279001468,19.00739176346357,64.30834213305174,-45.300950369588165,ALIANZA
0474,2276,586,1306,3522,2307,65.50255536626916,25.40095361941916,56.61031642826181,-31.209362808842652,ALIANZA
0475,369,82,236,500,377,75.4,21.750663129973475,62.59946949602122,-40.84880636604775,ALIANZA
0476,345,65,229,502,350,69.7211155378486,18.571428571428573,65.42857142857143,-46.85714285714286,ALIANZA
0477,590,144,338,889,597,67.1541057367829,24.12060301507538,56.61641541038526,-32.49581239530988,ALIANZA
0478,329,101,140,626,329,52.55591054313099,30.699088145896656,42.5531914893617,-11.854103343465045,ALIANZA
0479,292,78,166,489,299,61.14519427402863,26.08695652173913,55.51839464882943,-29.4314381270903,ALIANZA
0480,283,68,139,495,289,58.38383838383838,23.529411764705884,48.09688581314879,-24.567474048442904,ALIANZA
0481,326,113,131,637,332,52.119309262166404,34.036144578313255,39.45783132530121,-5.421686746987952,ALIANZA
0482,387,139,142,804,387,48.134328358208954,35.917312661498705,36.69250645994832,-0.7751937984496138,ALIANZA
0483,315,120,118,630,313,49.682539682539684,38.33865814696485,37.69968051118211,0.6389776357827444,MORENA
0484,393,201,153,1025,430,41.951219512195124,46.74418604651163,35.58139534883721,11.162790697674417,MORENA
0485,606,243,109,1091,466,42.71310724106324,52.14592274678112,23.390557939914164,28.755364806866954,MORENA
0486,547,290,146,1415,555,39.2226148409894,52.252252252252255,26.306306306306308,25.945945945945947,MORENA
0487,524,306,76,1271,511,40.20456333595594,59.88258317025441,14.87279843444227,45.00978473581213,MORENA
0488,394,150,159,997,408,40.92276830491475,36.76470588235294,38.970588235294116,-2.205882352941174,ALIANZA
0489,233,104,74,692,233,33.67052023121387,44.63519313304721,31.759656652360515,12.875536480686694,MORENA
0490,256,123,73,584,259,44.34931506849315,47.49034749034749,28.185328185328185,19.305019305019304,MORENA
0491,373,156,143,741,377,50.87719298245614,41.37931034482759,37.93103448275862,3.448275862068968,MORENA
0492,311,112,138,670,320,47.76119402985075,35,43.125,-8.125,ALIANZA
0493,347,121,141,621,347,55.87761674718197,34.87031700288185,40.63400576368876,-5.7636887608069145,ALIANZA
0494,309,95,129,639,311,48.6697965571205,30.54662379421222,41.47909967845659,-10.932475884244372,ALIANZA
0495,205,85,75,503,212,42.14711729622267,40.094339622641506,35.37735849056604,4.7169811320754675,MORENA
0498,774,326,235,1531,785,51.273677335075114,41.52866242038217,29.936305732484076,11.592356687898093,MORENA
0499,1258,276,764,1787,1276,71.40458869613877,21.630094043887148,59.874608150470216,-38.24451410658307,ALIANZA
0500,527,151,276,823,538,65.37059538274605,28.066914498141266,51.301115241635685,-23.23420074349442,ALIANZA
0501,1157,294,637,1804,1178,65.29933481152993,24.95755517826825,54.07470288624788,-29.117147707979626,ALIANZA
0502,595,144,315,867,604,69.66551326412917,23.841059602649008,52.152317880794705,-28.311258278145697,ALIANZA
0503,750,170,435,1136,759,66.81338028169014,22.397891963109355,57.312252964426875,-34.914361001317516,ALIANZA
0504,773,180,428,1111,788,70.92709270927092,22.84263959390863,54.31472081218274,-31.472081218274113,ALIANZA
0505,831,196,505,1266,842,66.5086887835703,23.27790973871734,59.97624703087886,-36.69833729216152,ALIANZA
0506,804,125,590,1140,817,71.66666666666667,15.299877600979192,72.21542227662178,-56.915544675642586,ALIANZA
0507,224,80,90,424,226,53.301886792452834,35.39823008849557,39.823008849557525,-4.424778761061951,ALIANZA
0508,413,110,208,632,412,65.18987341772151,26.699029126213592,50.48543689320388,-23.78640776699029,ALIANZA
0509,913,392,306,1785,932,52.212885154061624,42.06008583690987,32.832618025751074,9.227467811158796,MORENA
0510,604,134,253,449,463,103.11804008908686,28.94168466522678,54.64362850971922,-25.70194384449244,ALIANZA
0511,184,87,49,382,184,48.167539267015705,47.28260869565217,26.630434782608695,20.652173913043477,MORENA
0513,518,198,174,1066,521,48.87429643527204,38.00383877159309,33.397312859884835,4.606525911708253,MORENA
0514,954,396,320,2037,913,44.820814923907704,43.373493975903614,35.049288061336256,8.324205914567358,MORENA
0515,124,68,35,301,130,43.18936877076412,52.30769230769231,26.923076923076923,25.384615384615383,MORENA
0516,245,88,111,392,249,63.52040816326531,35.34136546184739,44.57831325301205,-9.23694779116466,ALIANZA
0517,475,123,286,816,487,59.681372549019606,25.256673511293634,58.72689938398357,-33.47022587268994,ALIANZA
0518,490,85,331,701,496,70.75606276747503,17.137096774193548,66.73387096774194,-49.596774193548384,ALIANZA
0519,411,154,164,728,415,57.005494505494504,37.10843373493976,39.51807228915663,-2.409638554216869,ALIANZA
0520,444,187,184,863,455,52.72305909617613,41.0989010989011,40.43956043956044,0.6593406593406641,MORENA
0521,387,155,139,717,392,54.67224546722455,39.54081632653061,35.45918367346939,4.08163265306122,MORENA
0522,340,103,160,527,333,63.18785578747628,30.93093093093093,48.048048048048045,-17.117117117117115,ALIANZA
0523,279,141,76,521,283,54.31861804222649,49.82332155477032,26.85512367491166,22.968197879858657,MORENA
0524,2765,530,1782,4010,2791,69.60099750623442,18.989609458975277,63.8480831243282,-44.85847366535292,ALIANZA
0525,320,88,155,456,320,70.17543859649123,27.5,48.4375,-20.9375,ALIANZA
0526,387,102,205,582,393,67.52577319587628,25.954198473282442,52.162849872773535,-26.208651399491092,ALIANZA
0527,447,155,200,815,456,55.95092024539877,33.99122807017544,43.85964912280702,-9.868421052631582,ALIANZA
0528,519,217,191,928,529,57.00431034482759,41.02079395085066,36.10586011342155,4.9149338374291105,MORENA
0529,424,159,170,1023,426,41.64222873900293,37.32394366197183,39.906103286384976,-2.582159624413144,ALIANZA
0530,299,123,119,698,302,43.26647564469914,40.728476821192054,39.40397350993378,1.324503311258276,MORENA
0532,7215,1924,3674,13054,7292,55.86027271334457,26.385079539221064,50.38398244651673,-23.99890290729567,ALIANZA
0533,453,198,151,1434,449,31.311018131101815,44.097995545657014,33.630289532293986,10.467706013363028,MORENA
0534,448,226,123,1322,460,34.79576399394856,49.130434782608695,26.73913043478261,22.391304347826086,MORENA
0535,337,158,110,879,348,39.59044368600683,45.40229885057471,31.60919540229885,13.793103448275858,MORENA
0536,759,340,221,1834,772,42.093784078516904,44.04145077720207,28.626943005181346,15.414507772020727,MORENA
0537,445,115,213,750,449,59.86666666666667,25.612472160356347,47.43875278396437,-21.82628062360802,ALIANZA
0538,778,253,325,1344,787,58.55654761904762,32.14739517153748,41.29606099110546,-9.14866581956798,ALIANZA
0539,691,215,262,1157,651,56.26620570440795,33.02611367127496,40.245775729646695,-7.219662058371732,ALIANZA
0540,359,130,159,626,366,58.466453674121404,35.51912568306011,43.442622950819676,-7.923497267759565,ALIANZA
0541,580,287,171,1336,588,44.01197604790419,48.80952380952381,29.081632653061224,19.727891156462587,MORENA
0542,401,141,151,666,406,60.96096096096096,34.72906403940887,37.19211822660098,-2.463054187192114,ALIANZA
0543,439,198,134,1005,452,44.975124378109456,43.80530973451327,29.646017699115045,14.159292035398227,MORENA
0544,580,224,214,1104,582,52.71739130434783,38.487972508591064,36.76975945017182,1.718213058419245,MORENA
0545,524,243,146,1159,538,46.41932700603969,45.16728624535316,27.13754646840149,18.029739776951672,MORENA
0546,335,132,126,683,342,50.073206442166914,38.59649122807018,36.8421052631579,1.7543859649122808,MORENA
0547,328,172,76,723,340,47.02627939142462,50.588235294117645,22.352941176470587,28.235294117647058,MORENA
0549,159,79,51,377,167,44.29708222811671,47.30538922155689,30.538922155688624,16.766467065868262,MORENA
0550,423,180,141,807,426,52.78810408921933,42.25352112676056,33.098591549295776,9.154929577464785,MORENA
0551,428,173,141,856,434,50.700934579439256,39.86175115207373,32.48847926267281,7.373271889400918,MORENA
0552,223,86,76,480,224,46.666666666666664,38.392857142857146,33.92857142857143,4.464285714285715,MORENA
0553,388,178,112,821,395,48.11205846528624,45.063291139240505,28.354430379746834,16.70886075949367,MORENA
0554,843,410,233,2297,854,37.17892903787549,48.00936768149883,27.283372365339577,20.725995316159253,MORENA
0555,596,248,187,1318,598,45.371775417298934,41.47157190635451,31.270903010033443,10.20066889632107,MORENA
0556,592,253,179,1273,607,47.682639434406916,41.680395387149915,29.489291598023065,12.19110378912685,MORENA
0557,390,180,128,784,380,48.46938775510204,47.36842105263158,33.68421052631579,13.684210526315795,MORENA
0558,1747,651,618,3595,1758,48.90125173852573,37.03071672354949,35.153583617747444,1.877133105802045,MORENA
0559,648,251,239,1381,659,47.71904417089066,38.08801213960546,36.2670713201821,1.8209408194233632,MORENA
0560,201,106,56,461,221,47.939262472885034,47.963800904977376,25.339366515837103,22.624434389140273,MORENA
0561,214,103,55,451,214,47.450110864745014,48.13084112149533,25.700934579439252,22.429906542056077,MORENA
0562,275,102,92,648,251,38.73456790123457,40.63745019920319,36.65338645418327,3.984063745019917,MORENA
0563,170,82,33,449,153,34.075723830734965,53.59477124183007,21.568627450980394,32.02614379084967,MORENA
0564,3633,1295,1280,9405,3688,39.21318447634237,35.113882863340564,34.70715835140998,0.4067245119305838,MORENA
0565,970,393,306,2132,984,46.15384615384615,39.9390243902439,31.097560975609756,8.841463414634145,MORENA
0566,160,70,47,421,165,39.19239904988124,42.42424242424242,28.484848484848484,13.939393939393938,MORENA
0567,299,146,63,722,304,42.10526315789474,48.026315789473685,20.723684210526315,27.30263157894737,MORENA
0568,570,274,172,1802,584,32.40843507214206,46.917808219178085,29.45205479452055,17.465753424657535,MORENA
0569,1775,877,481,5883,1901,32.313445520992694,46.13361388742767,25.30247238295634,20.831141504471333,MORENA
0570,594,291,164,1976,599,30.313765182186234,48.580968280467445,27.378964941569283,21.202003338898162,MORENA
0571,3754,1458,1185,11419,3516,30.790787284350642,41.467576791808874,33.70307167235495,7.764505119453922,MORENA
0572,177,90,51,476,181,38.02521008403362,49.72375690607735,28.176795580110497,21.54696132596685,MORENA
0573,340,151,107,798,350,43.85964912280702,43.142857142857146,30.571428571428573,12.571428571428573,MORENA
0574,498,199,201,999,513,51.351351351351354,38.79142300194932,39.1812865497076,-0.38986354775828147,ALIANZA
0575,675,277,231,1570,697,44.394904458598724,39.74175035868006,33.14203730272597,6.599713055954091,MORENA
0576,485,169,201,978,500,51.124744376278116,33.8,40.2,-6.400000000000006,ALIANZA
0577,398,199,117,1807,418,23.132263420033205,47.60765550239235,27.99043062200957,19.61722488038278,MORENA
0578,424,210,119,832,433,52.04326923076923,48.49884526558891,27.48267898383372,21.016166281755194,MORENA
0579,717,277,245,1409,719,51.029098651525906,38.525730180806676,34.07510431154381,4.450625869262865,MORENA
0581,644,291,170,1534,645,42.04693611473272,45.116279069767444,26.356589147286822,18.75968992248062,MORENA
0582,559,260,121,1445,559,38.68512110726643,46.51162790697674,21.645796064400717,24.865831842576025,MORENA
0584,810,323,229,1962,819,41.74311926605505,39.43833943833944,27.96092796092796,11.47741147741148,MORENA
0586,235,126,44,702,237,33.76068376068376,53.164556962025316,18.565400843881857,34.599156118143455,MORENA
0587,268,127,37,956,266,27.824267782426777,47.744360902255636,13.909774436090226,33.83458646616541,MORENA
0588,145,73,36,300,152,50.666666666666664,48.026315789473685,23.68421052631579,24.342105263157894,MORENA
0589,720,285,231,1999,723,36.16808404202101,39.41908713692946,31.95020746887967,7.468879668049794,MORENA
0590,4566,1195,2494,7285,4615,63.34934797529169,25.89382448537378,54.04117009750813,-28.147345612134348,ALIANZA
0591,53,22,20,258,53,20.54263565891473,41.509433962264154,37.735849056603776,3.7735849056603783,MORENA
0592,1239,636,383,2808,1243,44.26638176638177,51.166532582461784,30.81255028157683,20.353982300884955,MORENA
0593,178,102,32,481,178,37.00623700623701,57.30337078651685,17.97752808988764,39.32584269662921,MORENA
0597,40,19,11,265,41,15.471698113207546,46.34146341463415,26.829268292682926,19.512195121951223,MORENA
0598,907,222,374,2547,908,35.649784059678055,24.449339207048457,41.18942731277533,-16.740088105726873,ALIANZA
0599,223,96,71,945,228,24.126984126984127,42.10526315789474,31.140350877192983,10.964912280701757,MORENA
0600,179,106,36,596,184,30.87248322147651,57.608695652173914,19.565217391304348,38.04347826086956,MORENA
0601,1846,806,636,7782,1884,24.20971472629144,42.78131634819533,33.75796178343949,9.023354564755842,MORENA
0602,360,183,95,1143,355,31.058617672790902,51.54929577464789,26.760563380281692,24.788732394366196,MORENA
0603,598,268,218,1746,599,34.306987399770904,44.74123539232053,36.39398998330551,8.347245409015024,MORENA
0604,420,206,139,1358,425,31.2960235640648,48.470588235294116,32.705882352941174,15.764705882352942,MORENA
0605,1094,531,285,4186,1102,26.3258480649785,48.185117967332125,25.862068965517242,22.323049001814883,MORENA
0606,207,91,48,699,210,30.042918454935624,43.333333333333336,22.857142857142858,20.476190476190478,MORENA
0609,185,84,49,514,185,35.992217898832685,45.4054054054054,26.486486486486488,18.918918918918916,MORENA
0610,39,25,11,218,43,19.724770642201836,58.13953488372093,25.58139534883721,32.55813953488372,MORENA
0611,36,17,6,202,37,18.316831683168317,45.945945945945944,16.216216216216218,29.729729729729726,MORENA
0614,140,73,21,398,141,35.42713567839196,51.773049645390074,14.893617021276595,36.87943262411348,MORENA
0615,215,133,26,576,215,37.326388888888886,61.86046511627907,12.093023255813954,49.76744186046512,MORENA
0616,153,60,48,630,154,24.444444444444443,38.96103896103896,31.16883116883117,7.79220779220779,MORENA
0618,265,193,30,561,270,48.1283422459893,71.48148148148148,11.11111111111111,60.37037037037037,MORENA
1332,2638,1208,810,12743,2705,21.227340500667033,44.65804066543438,29.944547134935306,14.713493530499072,MORENA
1333,839,316,281,2280,855,37.5,36.95906432748538,32.865497076023395,4.093567251461984,MORENA
1334,586,227,168,1413,593,41.967445152158525,38.27993254637437,28.33052276559865,9.949409780775717,MORENA
1335,643,252,208,1628,662,40.663390663390665,38.066465256797585,31.419939577039276,6.646525679758309,MORENA
1336,610,238,204,1573,611,38.84297520661157,38.95253682487725,33.387888707037646,5.564648117839603,MORENA
1337,335,163,75,1267,344,27.150749802683503,47.383720930232556,21.802325581395348,25.58139534883721,MORENA
1338,514,224,142,1655,634,38.30815709969789,35.33123028391167,22.397476340694006,12.933753943217667,MORENA
1339,515,272,81,1631,479,29.368485591661557,56.78496868475992,16.910229645093946,39.87473903966597,MORENA
1340,470,192,137,1482,473,31.916329284750336,40.59196617336152,28.964059196617335,11.627906976744185,MORENA
1342,278,104,72,622,278,44.69453376205788,37.410071942446045,25.899280575539567,11.510791366906478,MORENA
1343,727,305,197,1872,738,39.42307692307692,41.327913279132794,26.693766937669377,14.634146341463417,MORENA
1344,553,196,199,1274,559,43.87755102040816,35.062611806797854,35.59928443649374,-0.5366726296958859,ALIANZA
1345,402,174,99,1080,414,38.333333333333336,42.028985507246375,23.91304347826087,18.115942028985504,MORENA
1346,838,333,285,1912,846,44.24686192468619,39.361702127659576,33.687943262411345,5.673758865248232,MORENA
1347,369,165,119,1008,377,37.40079365079365,43.76657824933687,31.56498673740053,12.201591511936336,MORENA
1348,380,166,118,1226,378,30.831973898858074,43.91534391534392,31.21693121693122,12.6984126984127,MORENA
1350,376,198,87,1253,391,31.20510774142059,50.63938618925831,22.25063938618926,28.38874680306905,MORENA
1352,219,98,60,699,226,32.33190271816881,43.36283185840708,26.548672566371682,16.814159292035395,MORENA
1353,430,202,121,1304,446,34.20245398773006,45.2914798206278,27.130044843049326,18.161434977578473,MORENA
1354,424,183,101,1377,424,30.791575889615107,43.160377358490564,23.82075471698113,19.339622641509433,MORENA
1355,478,199,131,1540,475,30.844155844155843,41.89473684210526,27.57894736842105,14.315789473684209,MORENA
1356,393,175,87,1343,399,29.709605361131793,43.85964912280702,21.804511278195488,22.055137844611533,MORENA
1357,389,192,91,1302,389,29.877112135176652,49.3573264781491,23.39331619537275,25.964010282776346,MORENA
1358,188,94,49,584,205,35.102739726027394,45.853658536585364,23.902439024390244,21.95121951219512,MORENA
1359,571,223,180,1290,592,45.89147286821706,37.66891891891892,30.405405405405407,7.263513513513512,MORENA
1360,242,90,78,521,245,47.02495201535508,36.734693877551024,31.836734693877553,4.897959183673471,MORENA
1361,551,167,212,1081,561,51.89639222941721,29.768270944741534,37.78966131907308,-8.0213903743315491,ALIANZA
1396,369,104,158,569,372,65.37785588752197,27.956989247311828,42.473118279569896,-14.516129032258068,ALIANZA
1397,535,182,234,796,544,68.34170854271356,33.455882352941174,43.01470588235294,-9.558823529411768,ALIANZA
1398,919,259,398,1543,937,60.72585871678548,27.641408751334044,42.47598719316969,-14.83457844183565,ALIANZA
1399,384,112,165,619,392,63.32794830371567,28.571428571428573,42.09183673469388,-13.520408163265305,ALIANZA
1400,994,286,468,1780,1020,57.30337078651685,28.03921568627451,45.88235294117647,-17.84313725490196,ALIANZA
1401,274,104,100,585,282,48.205128205128204,36.87943262411348,35.46099290780142,1.418439716312058,MORENA
1402,379,171,118,944,391,41.41949152542373,43.734015345268546,30.17902813299233,13.554987212276217,MORENA
1403,426,184,164,1243,442,35.55913113435237,41.6289592760181,37.10407239819005,4.524886877828052,MORENA
1404,613,276,208,1610,625,38.81987577639752,44.16,33.28,10.879999999999995,MORENA
1405,622,280,187,1982,636,32.08879919273461,44.0251572327044,29.40251572327044,14.622641509433961,MORENA
1406,318,153,94,1266,319,25.19747235387046,47.96238244514107,29.46708463949843,18.495297805642636,MORENA
1407,105,51,38,341,110,32.25806451612903,46.36363636363637,34.54545454545455,11.81818181818182,MORENA
1442,1123,392,424,2677,1134,42.360851699663804,34.5679012345679,37.38977072310406,-2.8218694885361586,ALIANZA
1443,778,307,296,1950,793,40.666666666666664,38.71374527112232,37.3266078184111,1.3871374527112224,MORENA
1444,392,208,84,1976,400,20.242914979757085,52,21,31,MORENA
1445,126,60,35,419,129,30.787589498806682,46.51162790697674,27.131782945736433,19.37984496124031,MORENA
1446,132,75,24,528,132,25,56.81818181818182,18.181818181818183,38.63636363636364,MORENA
1447,120,62,27,439,126,28.701594533029613,49.20634920634921,21.428571428571427,27.777777777777782,MORENA
1448,161,87,31,489,166,33.94683026584867,52.40963855421687,18.674698795180724,33.734939759036145,MORENA
1450,73,41,15,194,73,37.628865979381445,56.16438356164384,20.54794520547945,35.61643835616439,MORENA
1451,154,60,51,388,158,40.72164948453608,37.9746835443038,32.278481012658226,5.696202531645575,MORENA
1452,244,94,79,421,251,59.61995249406176,37.45019920318725,31.47410358565737,5.976095617529882,MORENA
1453,109,60,25,329,115,34.954407294832826,52.17391304347826,21.73913043478261,30.43478260869565,MORENA
1455,165,70,43,485,169,34.845360824742265,41.42011834319526,25.443786982248522,15.976331360946741,MORENA
1456,909,326,353,1507,921,61.11479761114798,35.39630836047774,38.327904451682954,-2.931596091205215,ALIANZA
1457,119,68,25,529,121,22.873345935727787,56.19834710743802,20.66115702479339,35.53719008264463,MORENA
1458,197,104,52,533,200,37.5234521575985,52,26,26,MORENA
1459,105,46,25,383,107,27.93733681462141,42.99065420560748,23.364485981308412,19.626168224299064,MORENA
1460,145,63,46,409,145,35.45232273838631,43.44827586206897,31.724137931034484,11.724137931034484,MORENA
1461,268,94,95,480,275,57.291666666666664,34.18181818181818,34.54545454545455,-0.36363636363636687,ALIANZA
1462,197,90,54,383,197,51.43603133159269,45.68527918781726,27.411167512690355,18.274111675126903,MORENA
1463,165,64,47,392,165,42.09183673469388,38.78787878787879,28.484848484848484,10.303030303030305,MORENA
1464,148,56,46,424,154,36.320754716981135,36.36363636363637,29.87012987012987,6.493506493506498,MORENA
1466,188,81,62,442,192,43.43891402714932,42.1875,32.291666666666664,9.895833333333336,MORENA
1467,229,81,87,392,235,59.94897959183673,34.46808510638298,37.02127659574468,-2.5531914893617014,ALIANZA
1468,286,89,98,549,292,53.18761384335155,30.47945205479452,33.56164383561644,-3.0821917808219155,ALIANZA
1469,332,113,125,599,338,56.42737896494157,33.43195266272189,36.98224852071006,-3.550295857988168,ALIANZA
1470,411,128,154,828,417,50.36231884057971,30.695443645083934,36.930455635491604,-6.235011990407671,ALIANZA
1471,235,95,86,464,241,51.939655172413794,39.41908713692946,35.684647302904565,3.734439834024897,MORENA
1472,113,50,29,475,119,25.05263157894737,42.016806722689076,24.369747899159663,17.647058823529413,MORENA
1473,161,89,39,519,166,31.984585741811177,53.6144578313253,23.49397590361446,30.120481927710845,MORENA
1474,306,97,118,593,309,52.1079258010118,31.3915857605178,38.18770226537217,-6.796116504854368,ALIANZA
1475,100,29,35,221,104,47.05882352941177,27.884615384615383,33.65384615384615,-5.76923076923077,ALIANZA
1477,223,81,83,416,225,54.08653846153846,36,36.888888888888886,-0.8888888888888857,ALIANZA
1478,254,69,108,485,259,53.402061855670105,26.64092664092664,41.6988416988417,-15.057915057915057,ALIANZA
1479,353,143,111,928,365,39.331896551724135,39.178082191780824,30.410958904109588,8.767123287671236,MORENA
1480,250,70,91,437,257,58.81006864988559,27.237354085603112,35.40856031128405,-8.171206225680937,ALIANZA
1481,281,117,94,718,287,39.97214484679666,40.76655052264808,32.75261324041812,8.01393728222996,MORENA
1482,221,66,91,444,225,50.67567567567568,29.333333333333332,40.44444444444444,-11.11111111111111,ALIANZA
1484,188,66,71,433,195,45.03464203233256,33.84615384615385,36.41025641025641,-2.564102564102562,ALIANZA
1485,184,79,66,353,190,53.82436260623229,41.578947368421055,34.73684210526316,6.842105263157897,MORENA
1486,192,77,67,394,195,49.49238578680203,39.48717948717949,34.35897435897436,5.128205128205131,MORENA
1487,238,65,94,509,242,47.54420432220039,26.859504132231404,38.84297520661157,-11.983471074380166,ALIANZA
1488,540,63,24,617,190,30.79416531604538,33.1578947368421,12.631578947368421,20.52631578947368,MORENA
1489,233,75,103,373,239,64.07506702412869,31.380753138075313,43.09623430962343,-11.71548117154812,ALIANZA
1490,83,49,23,332,88,26.50602409638554,55.68181818181818,26.136363636363637,29.545454545454543,MORENA
1492,254,76,107,395,259,65.56962025316456,29.343629343629345,41.31274131274131,-11.969111969111964,ALIANZA
1494,139,79,26,541,143,26.432532347504623,55.24475524475525,18.181818181818183,37.06293706293707,MORENA
1496,148,89,28,693,152,21.933621933621932,58.55263157894737,18.42105263157895,40.131578947368425,MORENA
1497,215,110,51,814,216,26.535626535626534,50.925925925925924,23.61111111111111,27.314814814814813,MORENA
1498,294,111,96,635,298,46.92913385826772,37.24832214765101,32.214765100671144,5.033557046979865,MORENA
1499,69,40,13,266,69,25.93984962406015,57.971014492753625,18.840579710144926,39.1304347826087,MORENA
1500,286,112,99,545,292,53.57798165137615,38.35616438356164,33.9041095890411,4.452054794520542,MORENA
1501,137,71,25,444,137,30.855855855855857,51.824817518248175,18.248175182481752,33.57664233576642,MORENA
1502,155,47,68,344,160,46.51162790697674,29.375,42.5,-13.125,ALIANZA
1503,183,79,54,382,184,48.167539267015705,42.93478260869565,29.347826086956523,13.586956521739125,MORENA
1504,678,155,366,1008,679,67.36111111111111,22.827687776141385,53.90279823269514,-31.075110456553755,ALIANZA
1505,155,43,69,280,156,55.714285714285715,27.564102564102566,44.23076923076923,-16.666666666666668,ALIANZA
1506,99,43,32,224,99,44.19642857142857,43.43434343434343,32.323232323232325,11.111111111111107,MORENA
1507,500,99,292,696,505,72.55747126436782,19.603960396039604,57.82178217821782,-38.21782178217822,ALIANZA
1508,316,57,204,399,322,80.70175438596492,17.70186335403727,63.35403726708075,-45.652173913043484,ALIANZA
1509,866,195,532,1180,873,73.98305084745763,22.33676975945017,60.93928980526918,-38.60252004581901,ALIANZA
1510,863,172,606,1144,873,76.31118881118881,19.702176403207332,69.41580756013745,-49.71363115693012,ALIANZA
1511,426,83,277,577,430,74.52339688041594,19.302325581395348,64.4186046511628,-45.116279069767444,ALIANZA
1513,669,192,345,950,678,71.36842105263158,28.31858407079646,50.88495575221239,-22.56637168141593,ALIANZA
1514,788,157,488,1073,796,74.18452935694314,19.723618090452263,61.30653266331658,-41.58291457286432,ALIANZA
1529,297,119,97,764,307,40.18324607329843,38.762214983713356,31.596091205211728,7.166123778501628,MORENA
1530,416,161,136,1085,426,39.26267281105991,37.79342723004695,31.92488262910798,5.8685446009389715,MORENA
1531,364,139,118,773,374,48.38292367399741,37.16577540106952,31.550802139037433,5.614973262032084,MORENA
1532,434,179,120,1023,442,43.20625610948191,40.497737556561084,27.149321266968325,13.348416289592759,MORENA
1533,390,185,95,927,404,43.581445523193096,45.79207920792079,23.514851485148515,22.277227722772277,MORENA
1534,422,195,116,1027,439,42.745861733203505,44.419134396355354,26.42369020501139,17.995444191343964,MORENA
1535,352,156,100,894,367,41.05145413870246,42.50681198910082,27.247956403269754,15.258855585831064,MORENA
1536,429,149,147,1065,440,41.31455399061033,33.86363636363637,33.40909090909091,0.45454545454546036,MORENA
1537,523,185,166,1196,529,44.23076923076923,34.97164461247637,31.379962192816635,3.5916824196597332,MORENA
1538,425,185,127,1095,441,40.273972602739725,41.950113378684804,28.798185941043084,13.15192743764172,MORENA
1539,525,226,134,1378,515,37.37300435413643,43.883495145631066,26.019417475728154,17.864077669902912,MORENA
1540,358,145,129,782,370,47.31457800511509,39.189189189189186,34.86486486486486,4.324324324324323,MORENA
1541,398,168,116,1116,410,36.738351254480285,40.97560975609756,28.29268292682927,12.682926829268293,MORENA
1543,392,167,110,1169,401,34.302822925577416,41.64588528678304,27.43142144638404,14.214463840399002,MORENA
1544,295,141,77,1028,303,29.474708171206224,46.53465346534654,25.41254125412541,21.122112211221125,MORENA
1545,203,103,47,676,209,30.91715976331361,49.282296650717704,22.48803827751196,26.794258373205743,MORENA
1546,288,141,71,936,292,31.196581196581196,48.28767123287671,24.315068493150687,23.972602739726025,MORENA
1547,158,88,34,516,163,31.589147286821706,53.987730061349694,20.858895705521473,33.12883435582822,MORENA
1548,593,289,156,2090,607,29.04306220095694,47.61120263591433,25.7001647446458,21.91103789126853,MORENA
1549,204,107,56,646,212,32.81733746130031,50.471698113207545,26.41509433962264,24.056603773584904,MORENA
1550,687,333,185,1927,695,36.06642449403218,47.9136690647482,26.618705035971225,21.294964028776974,MORENA
1551,611,272,201,2339,616,26.336041043180845,44.15584415584416,32.62987012987013,11.52597402597403,MORENA
1552,658,288,201,1870,671,35.88235294117647,42.92101341281669,29.955290611028317,12.965722801788374,MORENA
1553,226,101,52,641,229,35.725429017160685,44.10480349344978,22.707423580786028,21.39737991266375,MORENA
1554,179,74,59,535,178,33.271028037383175,41.57303370786517,33.146067415730336,8.426966292134836,MORENA
1555,688,344,152,2571,699,27.18786464410735,49.21316165951359,21.745350500715308,27.46781115879828,MORENA
1556,510,238,141,1675,526,31.402985074626866,45.247148288973385,26.806083650190114,18.44106463878327,MORENA
